<?xml version="1.0" encoding="UTF-8"?>
<export version="E">
  <design>
    <source>C:\Users\ShaneOrmonde\Documents\GitHub\DublinMaker2023\Pi_HAT\Pi_HAT.kicad_sch</source>
    <date>13/04/2023 16:50:31</date>
    <tool>Eeschema (7.0.0)</tool>
    <sheet number="1" name="/" tstamps="/">
      <title_block>
        <title>e-NT Mouth Control PCB</title>
        <company>Dublin Maker 2023</company>
        <rev/>
        <date>2023-04-13</date>
        <source>Pi_HAT.kicad_sch</source>
        <comment number="1" value="Shane Ormonde"/>
        <comment number="2" value=""/>
        <comment number="3" value=""/>
        <comment number="4" value=""/>
        <comment number="5" value=""/>
        <comment number="6" value=""/>
        <comment number="7" value=""/>
        <comment number="8" value=""/>
        <comment number="9" value=""/>
      </title_block>
    </sheet>
  </design>
  <components>
    <comp ref="C1">
      <value>0.1uF</value>
      <footprint>Capacitor_SMD:C_0603_1608Metric_Pad1.08x0.95mm_HandSolder</footprint>
      <libsource lib="Device" part="C_Small" description="Unpolarized capacitor, small symbol"/>
      <property name="Sheetname" value=""/>
      <property name="Sheetfile" value="Pi_HAT.kicad_sch"/>
      <property name="ki_description" value="Unpolarized capacitor, small symbol"/>
      <property name="ki_keywords" value="capacitor cap"/>
      <sheetpath names="/" tstamps="/"/>
      <tstamps>1ca0c5fd-157a-4b89-b5ce-b376c9d6dc74</tstamps>
    </comp>
    <comp ref="C2">
      <value>47uF</value>
      <footprint>Capacitor_SMD:C_1206_3216Metric</footprint>
      <libsource lib="Device" part="C_Small" description="Unpolarized capacitor, small symbol"/>
      <property name="Sheetname" value=""/>
      <property name="Sheetfile" value="Pi_HAT.kicad_sch"/>
      <property name="ki_description" value="Unpolarized capacitor, small symbol"/>
      <property name="ki_keywords" value="capacitor cap"/>
      <sheetpath names="/" tstamps="/"/>
      <tstamps>05dcdbe8-ed11-4fd9-8e29-de80e06dc335</tstamps>
    </comp>
    <comp ref="C3">
      <value>0.1uF</value>
      <footprint>Capacitor_SMD:C_0603_1608Metric_Pad1.08x0.95mm_HandSolder</footprint>
      <libsource lib="Device" part="C_Small" description="Unpolarized capacitor, small symbol"/>
      <property name="Sheetname" value=""/>
      <property name="Sheetfile" value="Pi_HAT.kicad_sch"/>
      <property name="ki_description" value="Unpolarized capacitor, small symbol"/>
      <property name="ki_keywords" value="capacitor cap"/>
      <sheetpath names="/" tstamps="/"/>
      <tstamps>5003910e-ab0e-48ed-8900-3e745936bb53</tstamps>
    </comp>
    <comp ref="D1">
      <value>BAR43FILM</value>
      <footprint>Package_TO_SOT_SMD:SOT-23</footprint>
      <datasheet>www.st.com/resource/en/datasheet/bar43.pdf</datasheet>
      <libsource lib="Alexa_kicad_PCB-rescue" part="BAR43FILM-Diode" description=""/>
      <property name="Sheetname" value=""/>
      <property name="Sheetfile" value="Pi_HAT.kicad_sch"/>
      <sheetpath names="/" tstamps="/"/>
      <tstamps>94ee52b7-9309-44f2-8a77-42cff03392d5</tstamps>
    </comp>
    <comp ref="J1">
      <value>GPIO</value>
      <footprint>Connector_PinSocket_2.54mm:PinSocket_2x20_P2.54mm_Vertical</footprint>
      <libsource lib="Connector_Generic" part="Conn_02x20_Odd_Even" description="Generic connector, double row, 02x20, odd/even pin numbering scheme (row 1 odd numbers, row 2 even numbers), script generated (kicad-library-utils/schlib/autogen/connector/)"/>
      <property name="Sheetname" value=""/>
      <property name="Sheetfile" value="Pi_HAT.kicad_sch"/>
      <property name="ki_description" value="Generic connector, double row, 02x20, odd/even pin numbering scheme (row 1 odd numbers, row 2 even numbers), script generated (kicad-library-utils/schlib/autogen/connector/)"/>
      <property name="ki_keywords" value="connector"/>
      <sheetpath names="/" tstamps="/"/>
      <tstamps>00000000-0000-0000-0000-000059ad464a</tstamps>
    </comp>
    <comp ref="J3">
      <value>AudioJack3</value>
      <footprint>Connector_Audio:Jack_3.5mm_CUI_SJ-3523-SMT_Horizontal</footprint>
      <libsource lib="Connector_Audio" part="AudioJack3" description="Audio Jack, 3 Poles (Stereo / TRS)"/>
      <property name="Sheetname" value=""/>
      <property name="Sheetfile" value="Pi_HAT.kicad_sch"/>
      <property name="ki_description" value="Audio Jack, 3 Poles (Stereo / TRS)"/>
      <property name="ki_keywords" value="audio jack receptacle stereo headphones phones TRS connector"/>
      <sheetpath names="/" tstamps="/"/>
      <tstamps>913aa060-2753-4d97-94f7-22054576fbc3</tstamps>
    </comp>
    <comp ref="JP1">
      <value>SolderJumper_3_Open</value>
      <footprint>Jumper:SolderJumper-3_P2.0mm_Open_TrianglePad1.0x1.5mm_NumberLabels</footprint>
      <libsource lib="Jumper" part="SolderJumper_3_Open" description="Solder Jumper, 3-pole, open"/>
      <property name="Sheetname" value=""/>
      <property name="Sheetfile" value="Pi_HAT.kicad_sch"/>
      <property name="ki_description" value="Solder Jumper, 3-pole, open"/>
      <property name="ki_keywords" value="Solder Jumper SPDT"/>
      <sheetpath names="/" tstamps="/"/>
      <tstamps>b2054de9-cd33-4283-a0f7-11d700066d1d</tstamps>
    </comp>
    <comp ref="M1">
      <value>Motor_Servo</value>
      <footprint>Connector_JST:JST_PH_S3B-PH-K_1x03_P2.00mm_Horizontal</footprint>
      <datasheet>http://forums.parallax.com/uploads/attachments/46831/74481.png</datasheet>
      <libsource lib="Motor" part="Motor_Servo" description="Servo Motor (Futaba, HiTec, JR connector)"/>
      <property name="LCSC" value=""/>
      <property name="Sheetname" value=""/>
      <property name="Sheetfile" value="Pi_HAT.kicad_sch"/>
      <property name="ki_description" value="Servo Motor (Futaba, HiTec, JR connector)"/>
      <property name="ki_keywords" value="Servo Motor"/>
      <sheetpath names="/" tstamps="/"/>
      <tstamps>0eea09f1-30f9-4aba-8ec7-459605753f9e</tstamps>
    </comp>
    <comp ref="R3">
      <value>5k</value>
      <footprint>Resistor_SMD:R_0603_1608Metric</footprint>
      <libsource lib="Device" part="R_Small" description="Resistor, small symbol"/>
      <property name="Sheetname" value=""/>
      <property name="Sheetfile" value="Pi_HAT.kicad_sch"/>
      <property name="ki_description" value="Resistor, small symbol"/>
      <property name="ki_keywords" value="R resistor"/>
      <sheetpath names="/" tstamps="/"/>
      <tstamps>c3e86a25-6f91-40f9-a87d-bd3ba46b0ca7</tstamps>
    </comp>
    <comp ref="R4">
      <value>25k</value>
      <footprint>Resistor_SMD:R_0603_1608Metric</footprint>
      <libsource lib="Device" part="R_Small" description="Resistor, small symbol"/>
      <property name="Sheetname" value=""/>
      <property name="Sheetfile" value="Pi_HAT.kicad_sch"/>
      <property name="ki_description" value="Resistor, small symbol"/>
      <property name="ki_keywords" value="R resistor"/>
      <sheetpath names="/" tstamps="/"/>
      <tstamps>f4d626b6-1946-4f28-8ea5-b05320346fdc</tstamps>
    </comp>
    <comp ref="R5">
      <value>3k</value>
      <footprint>Resistor_SMD:R_0603_1608Metric</footprint>
      <libsource lib="Device" part="R_Small" description="Resistor, small symbol"/>
      <property name="Sheetname" value=""/>
      <property name="Sheetfile" value="Pi_HAT.kicad_sch"/>
      <property name="ki_description" value="Resistor, small symbol"/>
      <property name="ki_keywords" value="R resistor"/>
      <sheetpath names="/" tstamps="/"/>
      <tstamps>a8c09be0-d569-4a80-904d-efef9c2a42d5</tstamps>
    </comp>
    <comp ref="R6">
      <value>R_Small</value>
      <footprint>Resistor_SMD:R_0402_1005Metric_Pad0.72x0.64mm_HandSolder</footprint>
      <libsource lib="Device" part="R_Small" description="Resistor, small symbol"/>
      <property name="LCSC" value=""/>
      <property name="Sheetname" value=""/>
      <property name="Sheetfile" value="Pi_HAT.kicad_sch"/>
      <property name="dnp"/>
      <property name="ki_description" value="Resistor, small symbol"/>
      <property name="ki_keywords" value="R resistor"/>
      <sheetpath names="/" tstamps="/"/>
      <tstamps>129e1c5c-2ecd-4370-88be-7aad1914c60d</tstamps>
    </comp>
    <comp ref="R7">
      <value>R_Small</value>
      <footprint>Resistor_SMD:R_0402_1005Metric_Pad0.72x0.64mm_HandSolder</footprint>
      <libsource lib="Device" part="R_Small" description="Resistor, small symbol"/>
      <property name="LCSC" value=""/>
      <property name="Sheetname" value=""/>
      <property name="Sheetfile" value="Pi_HAT.kicad_sch"/>
      <property name="dnp"/>
      <property name="ki_description" value="Resistor, small symbol"/>
      <property name="ki_keywords" value="R resistor"/>
      <sheetpath names="/" tstamps="/"/>
      <tstamps>49eee6df-2b2c-4a88-ad97-3b0def60d06b</tstamps>
    </comp>
    <comp ref="U1">
      <value>TLV2372</value>
      <footprint>Package_SO:SOIC-8_3.9x4.9mm_P1.27mm</footprint>
      <datasheet>http://www.ti.com/lit/ds/symlink/tlv2375.pdf</datasheet>
      <libsource lib="Amplifier_Operational" part="TLV2372" description="Dual Rail-to-Rail Input/Output Operational Amplifier, DIP-8/SOIC-8/VSSOP-8"/>
      <property name="Sheetname" value=""/>
      <property name="Sheetfile" value="Pi_HAT.kicad_sch"/>
      <property name="ki_description" value="Dual Rail-to-Rail Input/Output Operational Amplifier, DIP-8/SOIC-8/VSSOP-8"/>
      <property name="ki_keywords" value="dual opamp"/>
      <sheetpath names="/" tstamps="/"/>
      <tstamps>38d6e6e4-7f9c-478f-bcaa-ffea02b121f5 0ae15379-0c92-488f-bc5d-ef62acf27e74</tstamps>
    </comp>
    <comp ref="U3">
      <value>ADS1115IDGS</value>
      <footprint>Package_SO:TSSOP-10_3x3mm_P0.5mm</footprint>
      <datasheet>http://www.ti.com/lit/ds/symlink/ads1113.pdf</datasheet>
      <libsource lib="Analog_ADC" part="ADS1115IDGS" description="Ultra-Small, Low-Power, I2C-Compatible, 860-SPS, 16-Bit ADCs With Internal Reference, Oscillator, and Programmable Comparator, VSSOP-10"/>
      <property name="Sheetname" value=""/>
      <property name="Sheetfile" value="Pi_HAT.kicad_sch"/>
      <property name="ki_description" value="Ultra-Small, Low-Power, I2C-Compatible, 860-SPS, 16-Bit ADCs With Internal Reference, Oscillator, and Programmable Comparator, VSSOP-10"/>
      <property name="ki_keywords" value="16 bit 4 channel I2C ADC"/>
      <sheetpath names="/" tstamps="/"/>
      <tstamps>b3e69c1b-7a3c-4419-9b6a-b521f44fff30</tstamps>
    </comp>
  </components>
  <libparts>
    <libpart lib="Alexa_kicad_PCB-rescue" part="BAR43FILM-Diode">
      <footprints>
        <fp>SOT?23*</fp>
      </footprints>
      <fields>
        <field name="Reference">D</field>
        <field name="Value">Diode_BAR43FILM</field>
        <field name="Footprint">Package_TO_SOT_SMD:SOT-23</field>
      </fields>
      <pins>
        <pin num="1" name="A" type="passive"/>
        <pin num="2" name="NC" type="no_connect"/>
        <pin num="3" name="K" type="passive"/>
      </pins>
    </libpart>
    <libpart lib="Amplifier_Operational" part="TLV2372">
      <description>Dual Rail-to-Rail Input/Output Operational Amplifier, DIP-8/SOIC-8/VSSOP-8</description>
      <docs>http://www.ti.com/lit/ds/symlink/tlv2375.pdf</docs>
      <footprints>
        <fp>SOIC*3.9x4.9mm*P1.27mm*</fp>
        <fp>DIP*W7.62mm*</fp>
        <fp>TO*99*</fp>
        <fp>OnSemi*Micro8*</fp>
        <fp>TSSOP*3x3mm*P0.65mm*</fp>
        <fp>TSSOP*4.4x3mm*P0.65mm*</fp>
        <fp>MSOP*3x3mm*P0.65mm*</fp>
        <fp>SSOP*3.9x4.9mm*P0.635mm*</fp>
        <fp>LFCSP*2x2mm*P0.5mm*</fp>
        <fp>*SIP*</fp>
        <fp>SOIC*5.3x6.2mm*P1.27mm*</fp>
      </footprints>
      <fields>
        <field name="Reference">U</field>
        <field name="Value">TLV2372</field>
        <field name="Datasheet">http://www.ti.com/lit/ds/symlink/tlv2375.pdf</field>
      </fields>
      <pins>
        <pin num="1" name="" type="output"/>
        <pin num="2" name="-" type="input"/>
        <pin num="3" name="+" type="input"/>
        <pin num="4" name="V-" type="power_in"/>
        <pin num="5" name="+" type="input"/>
        <pin num="6" name="-" type="input"/>
        <pin num="7" name="" type="output"/>
        <pin num="8" name="V+" type="power_in"/>
      </pins>
    </libpart>
    <libpart lib="Analog_ADC" part="ADS1115IDGS">
      <description>Ultra-Small, Low-Power, I2C-Compatible, 860-SPS, 16-Bit ADCs With Internal Reference, Oscillator, and Programmable Comparator, VSSOP-10</description>
      <docs>http://www.ti.com/lit/ds/symlink/ads1113.pdf</docs>
      <footprints>
        <fp>TSSOP*3x3mm*P0.5mm*</fp>
      </footprints>
      <fields>
        <field name="Reference">U</field>
        <field name="Value">ADS1115IDGS</field>
        <field name="Footprint">Package_SO:TSSOP-10_3x3mm_P0.5mm</field>
        <field name="Datasheet">http://www.ti.com/lit/ds/symlink/ads1113.pdf</field>
      </fields>
      <pins>
        <pin num="1" name="ADDR" type="input"/>
        <pin num="2" name="ALERT/RDY" type="output"/>
        <pin num="3" name="GND" type="power_in"/>
        <pin num="4" name="AIN0" type="input"/>
        <pin num="5" name="AIN1" type="input"/>
        <pin num="6" name="AIN2" type="input"/>
        <pin num="7" name="AIN3" type="input"/>
        <pin num="8" name="VDD" type="power_in"/>
        <pin num="9" name="SDA" type="bidirectional"/>
        <pin num="10" name="SCL" type="input"/>
      </pins>
    </libpart>
    <libpart lib="Connector_Audio" part="AudioJack3">
      <description>Audio Jack, 3 Poles (Stereo / TRS)</description>
      <docs>~</docs>
      <footprints>
        <fp>Jack*</fp>
      </footprints>
      <fields>
        <field name="Reference">J</field>
        <field name="Value">AudioJack3</field>
        <field name="Datasheet">~</field>
      </fields>
      <pins>
        <pin num="R" name="" type="passive"/>
        <pin num="S" name="" type="passive"/>
        <pin num="T" name="" type="passive"/>
      </pins>
    </libpart>
    <libpart lib="Connector_Generic" part="Conn_02x20_Odd_Even">
      <description>Generic connector, double row, 02x20, odd/even pin numbering scheme (row 1 odd numbers, row 2 even numbers), script generated (kicad-library-utils/schlib/autogen/connector/)</description>
      <docs>~</docs>
      <footprints>
        <fp>Connector*:*_2x??_*</fp>
      </footprints>
      <fields>
        <field name="Reference">J</field>
        <field name="Value">Conn_02x20_Odd_Even</field>
        <field name="Datasheet">~</field>
      </fields>
      <pins>
        <pin num="1" name="Pin_1" type="passive"/>
        <pin num="2" name="Pin_2" type="passive"/>
        <pin num="3" name="Pin_3" type="passive"/>
        <pin num="4" name="Pin_4" type="passive"/>
        <pin num="5" name="Pin_5" type="passive"/>
        <pin num="6" name="Pin_6" type="passive"/>
        <pin num="7" name="Pin_7" type="passive"/>
        <pin num="8" name="Pin_8" type="passive"/>
        <pin num="9" name="Pin_9" type="passive"/>
        <pin num="10" name="Pin_10" type="passive"/>
        <pin num="11" name="Pin_11" type="passive"/>
        <pin num="12" name="Pin_12" type="passive"/>
        <pin num="13" name="Pin_13" type="passive"/>
        <pin num="14" name="Pin_14" type="passive"/>
        <pin num="15" name="Pin_15" type="passive"/>
        <pin num="16" name="Pin_16" type="passive"/>
        <pin num="17" name="Pin_17" type="passive"/>
        <pin num="18" name="Pin_18" type="passive"/>
        <pin num="19" name="Pin_19" type="passive"/>
        <pin num="20" name="Pin_20" type="passive"/>
        <pin num="21" name="Pin_21" type="passive"/>
        <pin num="22" name="Pin_22" type="passive"/>
        <pin num="23" name="Pin_23" type="passive"/>
        <pin num="24" name="Pin_24" type="passive"/>
        <pin num="25" name="Pin_25" type="passive"/>
        <pin num="26" name="Pin_26" type="passive"/>
        <pin num="27" name="Pin_27" type="passive"/>
        <pin num="28" name="Pin_28" type="passive"/>
        <pin num="29" name="Pin_29" type="passive"/>
        <pin num="30" name="Pin_30" type="passive"/>
        <pin num="31" name="Pin_31" type="passive"/>
        <pin num="32" name="Pin_32" type="passive"/>
        <pin num="33" name="Pin_33" type="passive"/>
        <pin num="34" name="Pin_34" type="passive"/>
        <pin num="35" name="Pin_35" type="passive"/>
        <pin num="36" name="Pin_36" type="passive"/>
        <pin num="37" name="Pin_37" type="passive"/>
        <pin num="38" name="Pin_38" type="passive"/>
        <pin num="39" name="Pin_39" type="passive"/>
        <pin num="40" name="Pin_40" type="passive"/>
      </pins>
    </libpart>
    <libpart lib="Device" part="C_Small">
      <description>Unpolarized capacitor, small symbol</description>
      <docs>~</docs>
      <footprints>
        <fp>C_*</fp>
      </footprints>
      <fields>
        <field name="Reference">C</field>
        <field name="Value">C_Small</field>
        <field name="Datasheet">~</field>
      </fields>
      <pins>
        <pin num="1" name="" type="passive"/>
        <pin num="2" name="" type="passive"/>
      </pins>
    </libpart>
    <libpart lib="Device" part="R_Small">
      <description>Resistor, small symbol</description>
      <docs>~</docs>
      <footprints>
        <fp>R_*</fp>
      </footprints>
      <fields>
        <field name="Reference">R</field>
        <field name="Value">R_Small</field>
        <field name="Datasheet">~</field>
      </fields>
      <pins>
        <pin num="1" name="" type="passive"/>
        <pin num="2" name="" type="passive"/>
      </pins>
    </libpart>
    <libpart lib="Jumper" part="SolderJumper_3_Open">
      <description>Solder Jumper, 3-pole, open</description>
      <docs>~</docs>
      <footprints>
        <fp>SolderJumper*Open*</fp>
      </footprints>
      <fields>
        <field name="Reference">JP</field>
        <field name="Value">SolderJumper_3_Open</field>
        <field name="Datasheet">~</field>
      </fields>
      <pins>
        <pin num="1" name="A" type="passive"/>
        <pin num="2" name="C" type="passive"/>
        <pin num="3" name="B" type="passive"/>
      </pins>
    </libpart>
    <libpart lib="Motor" part="Motor_Servo">
      <description>Servo Motor (Futaba, HiTec, JR connector)</description>
      <docs>http://forums.parallax.com/uploads/attachments/46831/74481.png</docs>
      <footprints>
        <fp>PinHeader*P2.54mm*</fp>
      </footprints>
      <fields>
        <field name="Reference">M</field>
        <field name="Value">Motor_Servo</field>
        <field name="Datasheet">http://forums.parallax.com/uploads/attachments/46831/74481.png</field>
      </fields>
      <pins>
        <pin num="1" name="PWM" type="passive"/>
        <pin num="2" name="+" type="passive"/>
        <pin num="3" name="-" type="passive"/>
      </pins>
    </libpart>
  </libparts>
  <libraries>
    <library logical="Amplifier_Operational">
      <uri>C:\Program Files\KiCad\7.0\share\kicad\symbols\/Amplifier_Operational.kicad_sym</uri>
    </library>
    <library logical="Analog_ADC">
      <uri>C:\Program Files\KiCad\7.0\share\kicad\symbols\/Analog_ADC.kicad_sym</uri>
    </library>
    <library logical="Connector_Audio">
      <uri>C:\Program Files\KiCad\7.0\share\kicad\symbols\/Connector_Audio.kicad_sym</uri>
    </library>
    <library logical="Connector_Generic">
      <uri>C:\Program Files\KiCad\7.0\share\kicad\symbols\/Connector_Generic.kicad_sym</uri>
    </library>
    <library logical="Device">
      <uri>C:\Program Files\KiCad\7.0\share\kicad\symbols\/Device.kicad_sym</uri>
    </library>
    <library logical="Jumper">
      <uri>C:\Program Files\KiCad\7.0\share\kicad\symbols\/Jumper.kicad_sym</uri>
    </library>
    <library logical="Motor">
      <uri>C:\Program Files\KiCad\7.0\share\kicad\symbols\/Motor.kicad_sym</uri>
    </library>
  </libraries>
  <nets>
    <net code="1" name="+3V3">
      <node ref="C1" pin="1" pintype="passive"/>
      <node ref="C3" pin="1" pintype="passive"/>
      <node ref="J1" pin="1" pinfunction="Pin_1" pintype="passive"/>
      <node ref="J1" pin="17" pinfunction="Pin_17" pintype="passive"/>
      <node ref="R6" pin="1" pintype="passive"/>
      <node ref="R7" pin="1" pintype="passive"/>
      <node ref="U1" pin="8" pinfunction="V+" pintype="power_in"/>
      <node ref="U3" pin="8" pinfunction="VDD" pintype="power_in"/>
    </net>
    <net code="2" name="+5V">
      <node ref="J1" pin="2" pinfunction="Pin_2" pintype="passive"/>
      <node ref="J1" pin="4" pinfunction="Pin_4" pintype="passive"/>
      <node ref="M1" pin="2" pinfunction="+" pintype="passive"/>
    </net>
    <net code="3" name="/ENVELOPE_OUT">
      <node ref="C2" pin="1" pintype="passive"/>
      <node ref="D1" pin="3" pinfunction="K" pintype="passive"/>
      <node ref="R5" pin="2" pintype="passive"/>
      <node ref="U3" pin="4" pinfunction="AIN0" pintype="input"/>
    </net>
    <net code="4" name="/GPIO2{slash}SDA1">
      <node ref="J1" pin="3" pinfunction="Pin_3" pintype="passive"/>
      <node ref="R7" pin="2" pintype="passive"/>
      <node ref="U3" pin="9" pinfunction="SDA" pintype="bidirectional"/>
    </net>
    <net code="5" name="/GPIO3{slash}SCL1">
      <node ref="J1" pin="5" pinfunction="Pin_5" pintype="passive"/>
      <node ref="R6" pin="2" pintype="passive"/>
      <node ref="U3" pin="10" pinfunction="SCL" pintype="input"/>
    </net>
    <net code="6" name="/GPIO4{slash}GPCLK0">
      <node ref="J1" pin="7" pinfunction="Pin_7" pintype="passive"/>
    </net>
    <net code="7" name="/GPIO5">
      <node ref="J1" pin="29" pinfunction="Pin_29" pintype="passive"/>
    </net>
    <net code="8" name="/GPIO6">
      <node ref="J1" pin="31" pinfunction="Pin_31" pintype="passive"/>
    </net>
    <net code="9" name="/GPIO7{slash}SPI0.CE1">
      <node ref="J1" pin="26" pinfunction="Pin_26" pintype="passive"/>
    </net>
    <net code="10" name="/GPIO8{slash}SPI0.CE0">
      <node ref="J1" pin="24" pinfunction="Pin_24" pintype="passive"/>
    </net>
    <net code="11" name="/GPIO9{slash}SPI0.MISO">
      <node ref="J1" pin="21" pinfunction="Pin_21" pintype="passive"/>
    </net>
    <net code="12" name="/GPIO10{slash}SPI0.MOSI">
      <node ref="J1" pin="19" pinfunction="Pin_19" pintype="passive"/>
    </net>
    <net code="13" name="/GPIO11{slash}SPI0.SCLK">
      <node ref="J1" pin="23" pinfunction="Pin_23" pintype="passive"/>
    </net>
    <net code="14" name="/GPIO12{slash}PWM0">
      <node ref="J1" pin="32" pinfunction="Pin_32" pintype="passive"/>
      <node ref="M1" pin="1" pinfunction="PWM" pintype="passive"/>
    </net>
    <net code="15" name="/GPIO13{slash}PWM1">
      <node ref="J1" pin="33" pinfunction="Pin_33" pintype="passive"/>
    </net>
    <net code="16" name="/GPIO14{slash}TXD0">
      <node ref="J1" pin="8" pinfunction="Pin_8" pintype="passive"/>
    </net>
    <net code="17" name="/GPIO15{slash}RXD0">
      <node ref="J1" pin="10" pinfunction="Pin_10" pintype="passive"/>
    </net>
    <net code="18" name="/GPIO16">
      <node ref="J1" pin="36" pinfunction="Pin_36" pintype="passive"/>
    </net>
    <net code="19" name="/GPIO17">
      <node ref="J1" pin="11" pinfunction="Pin_11" pintype="passive"/>
    </net>
    <net code="20" name="/GPIO18{slash}PCM.CLK">
      <node ref="J1" pin="12" pinfunction="Pin_12" pintype="passive"/>
    </net>
    <net code="21" name="/GPIO19{slash}PCM.FS">
      <node ref="J1" pin="35" pinfunction="Pin_35" pintype="passive"/>
    </net>
    <net code="22" name="/GPIO20{slash}PCM.DIN">
      <node ref="J1" pin="38" pinfunction="Pin_38" pintype="passive"/>
    </net>
    <net code="23" name="/GPIO21{slash}PCM.DOUT">
      <node ref="J1" pin="40" pinfunction="Pin_40" pintype="passive"/>
    </net>
    <net code="24" name="/GPIO22">
      <node ref="J1" pin="15" pinfunction="Pin_15" pintype="passive"/>
    </net>
    <net code="25" name="/GPIO23">
      <node ref="J1" pin="16" pinfunction="Pin_16" pintype="passive"/>
    </net>
    <net code="26" name="/GPIO24">
      <node ref="J1" pin="18" pinfunction="Pin_18" pintype="passive"/>
    </net>
    <net code="27" name="/GPIO25">
      <node ref="J1" pin="22" pinfunction="Pin_22" pintype="passive"/>
    </net>
    <net code="28" name="/GPIO26">
      <node ref="J1" pin="37" pinfunction="Pin_37" pintype="passive"/>
    </net>
    <net code="29" name="/GPIO27">
      <node ref="J1" pin="13" pinfunction="Pin_13" pintype="passive"/>
    </net>
    <net code="30" name="/ID_SCL">
      <node ref="J1" pin="28" pinfunction="Pin_28" pintype="passive"/>
    </net>
    <net code="31" name="/ID_SDA">
      <node ref="J1" pin="27" pinfunction="Pin_27" pintype="passive"/>
    </net>
    <net code="32" name="GND">
      <node ref="C1" pin="2" pintype="passive"/>
      <node ref="C2" pin="2" pintype="passive"/>
      <node ref="C3" pin="2" pintype="passive"/>
      <node ref="J1" pin="14" pinfunction="Pin_14" pintype="passive"/>
      <node ref="J1" pin="20" pinfunction="Pin_20" pintype="passive"/>
      <node ref="J1" pin="25" pinfunction="Pin_25" pintype="passive"/>
      <node ref="J1" pin="30" pinfunction="Pin_30" pintype="passive"/>
      <node ref="J1" pin="34" pinfunction="Pin_34" pintype="passive"/>
      <node ref="J1" pin="39" pinfunction="Pin_39" pintype="passive"/>
      <node ref="J1" pin="6" pinfunction="Pin_6" pintype="passive"/>
      <node ref="J1" pin="9" pinfunction="Pin_9" pintype="passive"/>
      <node ref="J3" pin="S" pintype="passive"/>
      <node ref="M1" pin="3" pinfunction="-" pintype="passive"/>
      <node ref="R3" pin="1" pintype="passive"/>
      <node ref="R5" pin="1" pintype="passive"/>
      <node ref="U1" pin="4" pinfunction="V-" pintype="power_in"/>
      <node ref="U3" pin="1" pinfunction="ADDR" pintype="input"/>
      <node ref="U3" pin="3" pinfunction="GND" pintype="power_in"/>
    </net>
    <net code="33" name="Net-(D1-A)">
      <node ref="D1" pin="1" pinfunction="A" pintype="passive"/>
      <node ref="R4" pin="1" pintype="passive"/>
      <node ref="U1" pin="1" pintype="output"/>
    </net>
    <net code="34" name="Net-(JP1-A)">
      <node ref="J3" pin="T" pintype="passive"/>
      <node ref="JP1" pin="1" pinfunction="A" pintype="passive"/>
    </net>
    <net code="35" name="Net-(JP1-B)">
      <node ref="J3" pin="R" pintype="passive"/>
      <node ref="JP1" pin="3" pinfunction="B" pintype="passive"/>
    </net>
    <net code="36" name="Net-(JP1-C)">
      <node ref="JP1" pin="2" pinfunction="C" pintype="passive"/>
      <node ref="U1" pin="3" pinfunction="+" pintype="input"/>
    </net>
    <net code="37" name="Net-(U1A--)">
      <node ref="R3" pin="2" pintype="passive"/>
      <node ref="R4" pin="2" pintype="passive"/>
      <node ref="U1" pin="2" pinfunction="-" pintype="input"/>
    </net>
    <net code="38" name="unconnected-(D1-NC-Pad2)">
      <node ref="D1" pin="2" pinfunction="NC" pintype="no_connect"/>
    </net>
    <net code="39" name="unconnected-(U3-AIN1-Pad5)">
      <node ref="U3" pin="5" pinfunction="AIN1" pintype="input"/>
    </net>
    <net code="40" name="unconnected-(U3-AIN2-Pad6)">
      <node ref="U3" pin="6" pinfunction="AIN2" pintype="input"/>
    </net>
    <net code="41" name="unconnected-(U3-AIN3-Pad7)">
      <node ref="U3" pin="7" pinfunction="AIN3" pintype="input"/>
    </net>
    <net code="42" name="unconnected-(U3-ALERT{slash}RDY-Pad2)">
      <node ref="U3" pin="2" pinfunction="ALERT/RDY" pintype="output"/>
    </net>
  </nets>
</export>
